btn.webp,942,232
img1.webp,1080,118
img10.webp,1080,925
img11.webp,1080,1281
img12.webp,1080,1339
img13.webp,1080,936
img14.webp,1080,1558
img15.webp,1080,1381
img16.webp,1080,354
img17.webp,1080,286
img18.webp,1080,421
img19.webp,1080,286
img2.webp,1080,1199
img20.webp,1080,924
img21.webp,1080,286
img22.webp,1080,379
img23.webp,1080,1889
img24.webp,1080,1094
img25.webp,1080,592
img26.webp,1080,720
img27.webp,1080,1114
img28.webp,1080,616
img3.webp,1080,994
img4.webp,1080,611
img5.webp,1080,1458
img6.webp,1080,1322
img7.webp,1080,763
img8.webp,1080,887
img9.webp,1080,735
